,Gender,Percentage,Diagnosed
0,Male,65.71428571428571,COVID-19
1,Female,34.285714285714285,COVID-19
2,Male,70.14925373134328,Non-COVID-19
3,Female,29.850746268656717,Non-COVID-19
